Date,Open Amazon,Close Amazon,Open MS,Close MS,nasdaq
1/2/2019,1465.199951,1539.130005,99.550003,101.120003,null
1/3/2019,1520.01001,1500.280029,100.099998,97.400002,null
1/4/2019,1530,1575.390015,99.720001,101.93,6434
1/7/2019,1602.310059,1629.51001,101.639999,102.059998,null
1/8/2019,1664.689941,1656.579956,103.040001,102.800003,6496.5
1/9/2019,1652.97998,1659.420044,103.860001,104.269997,6557.25
1/10/2019,1641.01001,1656.219971,103.220001,103.599998,6604.75
1/11/2019,1640.550049,1640.560059,103.190002,102.800003,6625.25
1/14/2019,1615,1617.209961,101.900002,102.050003,6612.75
1/15/2019,1632,1674.560059,102.510002,105.010002,null
1/16/2019,1684.219971,1683.780029,105.260002,105.379997,6545
1/17/2019,1680,1693.219971,105,106.120003,6676.75
1/18/2019,1712,1696.199951,107.459999,107.709999,6666.25
1/22/2019,1681,1632.170044,106.75,105.68,6720
1/23/2019,1656,1640.02002,106.120003,106.709999,6792.75
1/24/2019,1641.069946,1654.930054,106.860001,106.199997,null
1/25/2019,1670.5,1670.569946,107.239998,107.169998,6653
1/28/2019,1643.589966,1637.890015,106.260002,105.080002,6665.25
1/29/2019,1631.27002,1593.880005,104.879997,102.940002,6675
1/30/2019,1623,1670.430054,104.620003,106.379997,6791.25
1/31/2019,1692.849976,1718.72998,103.800003,104.43,null
2/1/2019,1638.880005,1626.22998,103.779999,102.779999,6701.75
2/4/2019,1623,1633.310059,102.870003,105.739998,6638.75
2/5/2019,1643.339966,1658.810059,106.059998,107.220001,6837.25
2/6/2019,1670.75,1640.26001,107,106.029999,6914.75
2/7/2019,1625,1614.369995,105.190002,105.269997,6877.75
2/8/2019,1586,1588.219971,104.389999,105.669998,null
2/11/2019,1600.97998,1591,106.199997,105.25,6937.5
2/12/2019,1604,1638.01001,106.139999,106.889999,7008
2/13/2019,1647,1640,107.5,106.809998,6995.75
2/14/2019,1624.5,1622.650024,106.309998,106.900002,6905.5
2/15/2019,1627.859985,1607.949951,107.910004,108.220001,6916.75
2/19/2019,1601,1627.579956,107.790001,108.169998,null
2/20/2019,1630,1622.099976,107.860001,107.150002,6914.25
2/21/2019,1619.849976,1619.439941,106.900002,109.410004,7018.5
2/22/2019,1623.5,1631.560059,110.050003,110.970001,7016.25
2/25/2019,1641.449951,1633,111.760002,111.589996,7019.75
2/26/2019,1625.97998,1636.400024,111.260002,112.360001,7063.75
2/27/2019,1628.180054,1641.089966,111.690002,112.169998,null
2/28/2019,1635.25,1639.829956,112.040001,112.029999,7068.25
3/1/2019,1655.130005,1671.72998,112.889999,112.529999,7073.25
3/4/2019,1685,1696.170044,113.019997,112.260002,7034.5
3/5/2019,1702.949951,1692.430054,112.25,111.699997,7088.25
3/6/2019,1695.969971,1668.949951,111.870003,111.75,null
3/7/2019,1667.369995,1625.949951,111.400002,110.389999,7125.75
3/8/2019,1604.01001,1620.800049,109.160004,110.510002,7117.75
3/11/2019,1626.119995,1670.619995,110.989998,112.830002,7121.75
3/12/2019,1669,1673.099976,112.82,113.620003,7102.5
3/13/2019,1683,1690.810059,114.129997,114.5,7156
3/14/2019,1691.199951,1686.219971,114.540001,114.589996,null
3/15/2019,1703,1712.359985,115.339996,115.910004,7145.75
3/18/2019,1712.699951,1742.150024,116.169998,117.57,7165.5
3/19/2019,1753.51001,1761.849976,118.089996,117.650002,7111.25
3/20/2019,1769.939941,1797.27002,117.389999,117.519997,7027.5
3/21/2019,1796.26001,1819.26001,117.139999,120.220001,7026.75
3/22/2019,1810.170044,1764.77002,119.5,117.050003,null
3/25/2019,1757.790039,1774.26001,116.559998,117.660004,7164.75
3/26/2019,1793,1783.76001,118.620003,117.910004,7206.5
3/27/2019,1784.130005,1765.699951,117.879997,116.769997,7267.75
3/28/2019,1770,1773.420044,117.440002,116.93,7239.75
3/29/2019,1786.579956,1780.75,118.07,117.940002,7270.350098
4/1/2019,1800.109985,1814.189941,118.949997,119.019997,null
4/2/2019,1811.02002,1813.97998,119.059998,119.190002,7360.75
4/3/2019,1826.719971,1820.699951,119.860001,119.970001,7376.5
4/4/2019,1820.650024,1818.859985,120.099998,119.360001,7409.5
4/5/2019,1829,1837.280029,119.389999,119.889999,7534.5
4/8/2019,1833.22998,1849.859985,119.809998,119.93,7368.75
4/9/2019,1845.48999,1835.839966,118.629997,119.279999,null
4/10/2019,1841,1847.329956,119.760002,120.190002,7355.25
4/11/2019,1848.699951,1844.069946,120.540001,120.330002,7376.75
4/12/2019,1848.400024,1843.060059,120.639999,120.949997,7334.5
4/15/2019,1842,1844.869995,120.940002,121.050003,7352
4/16/2019,1851.349976,1863.040039,121.639999,120.769997,7400.5
4/17/2019,1872.98999,1864.819946,121.239998,121.769997,null
4/18/2019,1868.790039,1861.689941,122.190002,123.370003,7498.5
4/22/2019,1855.400024,1887.310059,122.620003,123.760002,7519.25
4/23/2019,1891.199951,1923.77002,124.099998,125.440002,7582.25
4/24/2019,1925,1901.75,125.790001,125.010002,7561.5
4/25/2019,1917,1902.25,130.059998,129.149994,7604.25
4/26/2019,1929,1950.630005,129.699997,129.889999,null
4/29/2019,1949,1938.430054,129.899994,129.770004,7623.5
4/30/2019,1930.099976,1926.52002,129.809998,130.600006,7593.25
5/1/2019,1933.089966,1911.52002,130.529999,127.879997,7641.25
5/2/2019,1913.329956,1900.819946,127.980003,126.209999,7617.25
5/3/2019,1949,1962.459961,127.360001,128.899994,7652.25
5/6/2019,1917.97998,1950.550049,126.389999,128.149994,null
5/7/2019,1939.98999,1921,126.459999,125.519997,7647.75
5/8/2019,1918.869995,1917.77002,125.440002,125.510002,7679.5
5/9/2019,1900,1899.869995,124.290001,125.5,7689.75
5/10/2019,1898,1889.97998,124.910004,127.129997,7712.5
5/13/2019,1836.560059,1822.680054,124.110001,123.349998,null
5/14/2019,1839.5,1840.119995,123.870003,124.730003,7734.75
5/15/2019,1827.949951,1871.150024,124.260002,126.019997,7838
5/16/2019,1885.939941,1907.569946,126.75,128.929993,7847.75
5/17/2019,1893.050049,1869,128.309998,128.070007,7798.5
5/20/2019,1852.689941,1858.969971,126.519997,126.220001,7840.25
5/21/2019,1874.790039,1857.52002,127.43,126.900002,null
5/22/2019,1851.780029,1859.680054,126.620003,127.669998,7813.75
5/23/2019,1836.589966,1815.47998,126.199997,126.18,7800
5/24/2019,1835.890015,1823.280029,126.910004,126.239998,7756.5
5/28/2019,1832.75,1836.430054,126.980003,126.160004,7734.25
5/29/2019,1823.119995,1819.189941,125.379997,124.940002,7865
5/30/2019,1825.48999,1816.319946,125.260002,125.730003,null
5/31/2019,1790.01001,1775.069946,124.230003,123.68,7803.5
6/3/2019,1760.01001,1692.689941,123.849998,119.839996,7674
6/4/2019,1699.23999,1729.560059,121.279999,123.160004,7647.5
6/5/2019,1749.599976,1738.5,124.949997,125.830002,7595.25
6/6/2019,1737.709961,1754.359985,126.440002,127.82,7610.25
6/7/2019,1763.699951,1804.030029,129.190002,131.399994,null
6/10/2019,1822,1860.630005,132.399994,132.600006,7314.75
6/11/2019,1883.25,1863.699951,133.880005,132.100006,7421
6/12/2019,1853.97998,1855.319946,131.399994,131.490005,7529.25
6/13/2019,1866.719971,1870.300049,131.979996,132.320007,7600.25
6/14/2019,1864,1869.670044,132.259995,132.449997,7511.5
6/17/2019,1876.5,1886.030029,132.630005,132.850006,null
6/18/2019,1901.349976,1901.369995,134.190002,135.160004,7391.75
6/19/2019,1907.839966,1908.790039,135,135.690002,7464
6/20/2019,1933.329956,1918.189941,137.449997,136.949997,7430
6/21/2019,1916.099976,1911.300049,136.580002,136.970001,7311
6/24/2019,1912.660034,1913.900024,137,137.779999,7315.5
6/25/2019,1911.839966,1878.27002,137.25,133.429993,null
6/26/2019,1892.47998,1897.829956,134.350006,133.929993,7295.25
6/27/2019,1902,1904.280029,134.139999,134.149994,7216
6/28/2019,1909.099976,1893.630005,134.570007,133.960007,7255.25
7/1/2019,1922.97998,1922.189941,136.630005,135.679993,7133.5
7/2/2019,1919.380005,1934.310059,136.119995,136.580002,null
7/3/2019,1935.890015,1939,136.800003,137.460007,6993.75
7/5/2019,1928.599976,1942.910034,135.940002,137.059998,7179.25
7/8/2019,1934.119995,1952.319946,136.399994,136.960007,7228.5
7/9/2019,1947.800049,1988.300049,136,136.460007,7282.25
7/10/2019,1996.51001,2017.410034,137.130005,137.850006,7419.5
7/11/2019,2025.619995,2001.069946,138.199997,138.399994,null
7/12/2019,2008.27002,2011,138.850006,138.899994,7515.5
7/15/2019,2021.400024,2020.98999,139.440002,138.899994,7518.25
7/16/2019,2010.579956,2009.900024,138.960007,137.080002,7473.25
7/17/2019,2007.050049,1992.030029,137.699997,136.270004,7522.75
7/18/2019,1980.01001,1977.900024,135.550003,136.419998,7478.25
7/19/2019,1991.209961,1964.52002,140.220001,136.619995,null
7/22/2019,1971.140015,1985.630005,137.410004,138.429993,7534.25
7/23/2019,1995.98999,1994.48999,139.759995,139.289993,7645.25
7/24/2019,1969.300049,2000.810059,138.899994,140.720001,7674.25
7/25/2019,2001,1973.819946,140.429993,140.190002,7745.25
7/26/2019,1942,1943.050049,140.369995,141.339996,7723.609863
7/29/2019,1930,1912.449951,141.5,141.029999,null
7/30/2019,1891.119995,1898.530029,140.139999,140.350006,7758.75
7/31/2019,1898.109985,1866.780029,140.330002,136.270004,7628.75
8/1/2019,1871.719971,1855.319946,137,138.059998,7650
8/2/2019,1845.069946,1823.23999,138.089996,136.899994,7690.5
8/5/2019,1770.219971,1765.130005,133.300003,132.210007,7693.75
8/6/2019,1792.22998,1787.829956,133.800003,134.690002,null
8/7/2019,1773.98999,1793.400024,133.789993,135.279999,7790
8/8/2019,1806,1832.890015,136.600006,138.889999,7838.25
8/9/2019,1828.949951,1807.579956,138.610001,137.710007,null
8/12/2019,1795.98999,1784.920044,137.070007,135.789993,7851.5
8/13/2019,1783,1824.339966,136.050003,138.600006,null
8/14/2019,1793.01001,1762.959961,136.360001,133.979996,7801
8/15/2019,1781.98999,1776.119995,134.389999,133.679993,7845.25
8/16/2019,1792.890015,1792.569946,134.880005,136.130005,7928.75
8/19/2019,1818.079956,1816.119995,137.850006,138.410004,7918.75
8/20/2019,1814.5,1801.380005,138.210007,137.259995,7960
8/21/2019,1819.390015,1823.540039,138.550003,138.789993,null
8/22/2019,1828,1804.660034,138.660004,137.779999,7986.75
8/23/2019,1793.030029,1749.619995,137.190002,133.389999,7942.75
8/26/2019,1766.910034,1768.869995,134.990005,135.449997,7885.5
8/27/2019,1775.72998,1761.829956,136.389999,135.740005,7933.5
8/28/2019,1755,1764.25,134.880005,135.559998,7842.75
8/29/2019,1783,1786.400024,137.25,138.119995,null
8/30/2019,1797.48999,1776.290039,139.149994,137.860001,7924.75
9/3/2019,1770,1789.839966,136.610001,136.039993,7983.75
9/4/2019,1805,1800.619995,137.300003,137.630005,8038
9/5/2019,1821.949951,1840.719971,139.110001,140.050003,7981.75
9/6/2019,1838.219971,1833.51001,140.029999,139.100006,8019.75
9/9/2019,1841,1831.349976,139.589996,137.520004,null
9/10/2019,1822.75,1820.550049,136.800003,136.080002,8001.25
9/11/2019,1812.140015,1822.98999,135.910004,136.119995,7963.25
9/12/2019,1837.630005,1843.550049,137.850006,137.520004,7866.75
9/13/2019,1842.01001,1839.339966,137.779999,137.320007,7808.25
9/16/2019,1824.02002,1807.839966,135.830002,136.330002,7702.25
9/17/2019,1807.079956,1822.550049,136.960007,137.389999,null
9/18/2019,1817.040039,1817.459961,137.360001,138.520004,7385.25
9/19/2019,1821.02002,1821.5,140.300003,141.070007,7515.5
9/20/2019,1821.709961,1794.160034,141.009995,139.440002,7553.25
9/23/2019,1777,1785.300049,139.229996,139.139999,7735.75
9/24/2019,1790.609985,1741.609985,140.360001,137.380005,7660.25
9/25/2019,1747.359985,1768.329956,137.5,139.360001,null
9/26/2019,1762.790039,1739.839966,139.440002,139.539993,7566.75
9/27/2019,1748,1725.449951,140.149994,137.729996,7748
9/30/2019,1726.98999,1735.910034,138.050003,139.029999,7488.75
10/1/2019,1746,1735.650024,139.660004,137.070007,7496.25
10/2/2019,1727.73999,1713.22998,136.25,134.649994,7611.75
10/3/2019,1713,1724.420044,134.949997,136.279999,null
10/4/2019,1726.02002,1739.650024,136.75,138.119995,7727.5
10/7/2019,1731.630005,1732.660034,137.139999,137.119995,7668
10/8/2019,1722.48999,1705.51001,137.080002,135.669998,7750.25
10/9/2019,1719.609985,1721.98999,137.460007,138.240005,7711.25
10/10/2019,1725.23999,1720.26001,138.490005,139.100006,7504.5
10/11/2019,1742.920044,1731.920044,140.119995,139.679993,null
10/14/2019,1728.910034,1736.430054,139.690002,139.550003,7590.5
10/15/2019,1742.140015,1767.380005,140.059998,141.570007,7562.75
10/16/2019,1773.329956,1777.430054,140.789993,140.410004,7599.25
10/17/2019,1796.48999,1787.47998,140.949997,139.690002,7712
10/18/2019,1787.800049,1757.51001,139.759995,137.410004,7690.75
10/21/2019,1769.660034,1785.660034,138.449997,138.429993,null
10/22/2019,1788.150024,1765.72998,138.970001,136.369995,7617.5
10/23/2019,1761.300049,1762.170044,136.880005,137.240005,7722.75
10/24/2019,1771.089966,1780.780029,139.389999,139.940002,7855.5
10/25/2019,1697.550049,1761.329956,139.339996,140.729996,7857.75
10/28/2019,1748.060059,1777.079956,144.399994,144.190002,null
10/29/2019,1774.810059,1762.709961,144.080002,142.830002,7830.75
10/30/2019,1760.23999,1779.98999,143.520004,144.610001,7815
10/31/2019,1775.98999,1776.660034,144.899994,143.369995,7889.75
11/1/2019,1788.01001,1791.439941,144.259995,143.720001,7921.5
11/4/2019,1801.01001,1804.660034,144.830002,144.550003,7886
11/5/2019,1809.160034,1801.709961,144.970001,144.460007,null
11/6/2019,1801,1795.77002,144.369995,144.059998,7856.5
11/7/2019,1803.76001,1788.199951,143.839996,144.259995,7890.25
11/8/2019,1787.890015,1785.880005,143.979996,145.960007,7894.25
11/11/2019,1778,1771.650024,145.339996,146.110001,7896.25
11/12/2019,1774.660034,1778,146.279999,147.070007,7899.47998
11/13/2019,1773.390015,1753.109985,146.740005,147.309998,null
11/14/2019,1751.430054,1754.599976,147.020004,148.059998,7850.5
11/15/2019,1760.050049,1739.48999,148.929993,149.970001,7735.25
11/18/2019,1738.300049,1752.530029,150.070007,150.339996,7820.25
11/19/2019,1756.98999,1752.790039,150.880005,150.389999,7787.25
11/20/2019,1749.140015,1745.530029,150.309998,149.619995,7701.25
11/21/2019,1743,1734.709961,149.399994,149.479996,7721.75
11/22/2019,1739.02002,1745.719971,150.070007,149.589996,7770.5
11/25/2019,1753.25,1773.839966,150,151.229996,7695.5
11/26/2019,1779.920044,1796.939941,151.360001,152.029999,7546.25
11/27/2019,1801,1818.51001,152.330002,152.320007,7658.5
11/29/2019,1817.780029,1800.800049,152.100006,151.380005,7767.25
12/2/2019,1804.400024,1781.599976,151.809998,149.550003,7742.25
12/3/2019,1760,1769.959961,147.490005,149.309998,7740
12/4/2019,1774.01001,1760.689941,150.139999,149.850006,7622
12/5/2019,1763.5,1740.47998,150.050003,149.929993,7699.75
12/6/2019,1751.199951,1751.599976,150.990005,151.75,7760.25
12/9/2019,1750.660034,1749.51001,151.070007,151.360001,7859
12/10/2019,1747.400024,1739.209961,151.289993,151.130005,7888
12/11/2019,1741.670044,1748.719971,151.539993,151.699997,7857.5
12/12/2019,1750,1760.329956,151.649994,153.240005,7959.75
12/13/2019,1765,1760.939941,153,154.529999,7948.5
12/16/2019,1767,1769.209961,155.110001,155.529999,7952.75
12/17/2019,1778.01001,1790.660034,155.449997,154.690002,7880.75
12/18/2019,1795.02002,1784.030029,154.300003,154.369995,7888.25
12/19/2019,1780.5,1792.280029,154,155.710007,7948.25
12/20/2019,1799.619995,1786.5,157.350006,157.410004,7858.75
12/23/2019,1788.26001,1793,158.119995,157.410004,7901.5
12/24/2019,1793.810059,1789.209961,157.479996,157.380005,7928.25
12/26/2019,1801.01001,1868.77002,157.559998,158.669998,8035.75
12/27/2019,1882.920044,1869.800049,159.449997,158.960007,8056.75
12/30/2019,1874,1846.890015,158.990005,157.589996,8094.75
12/31/2019,1842,1847.839966,156.770004,157.699997,8055.25
1/2/2020,1875,1898.01001,158.779999,160.619995,8111.25
1/3/2020,1864.5,1874.969971,158.320007,158.619995,8090.25
1/6/2020,1860,1902.880005,157.080002,159.029999,8160.25
1/7/2020,1904.5,1906.859985,159.320007,157.580002,8178.75
1/8/2020,1898.040039,1891.969971,158.929993,160.089996,8215.75
1/9/2020,1909.890015,1901.050049,161.839996,162.089996,8210.75
1/10/2020,1905.369995,1883.160034,162.820007,161.339996,8207.25
1/13/2020,1891.310059,1891.300049,161.759995,163.279999,8230.5
1/14/2020,1885.880005,1869.439941,163.389999,162.130005,8257.25
1/15/2020,1872.25,1862.02002,162.619995,163.179993,8254
1/16/2020,1882.98999,1877.939941,164.350006,166.169998,8249.75
1/17/2020,1885.890015,1864.719971,167.419998,167.100006,8275
1/21/2020,1865,1892,166.679993,166.5,8265.75
1/22/2020,1896.089966,1887.459961,167.399994,165.699997,8265.5
1/23/2020,1885.109985,1884.579956,166.190002,166.720001,8318.75
1/24/2020,1891.369995,1861.640015,167.509995,165.039993,8308.25
1/27/2020,1820,1828.339966,161.149994,162.279999,8333.5
1/28/2020,1840.5,1853.25,163.779999,165.460007,8341.5
1/29/2020,1864,1858,167.839996,168.039993,8291.75
1/30/2020,1858,1870.680054,174.050003,172.779999,8274.5
1/31/2020,2051.469971,2008.719971,172.210007,170.229996,8280.5
2/3/2020,2010.599976,2004.199951,170.429993,174.380005,8302.75
2/4/2020,2029.880005,2049.669922,177.139999,180.119995,8376.5
2/5/2020,2071.02002,2039.869995,184.029999,179.899994,8400.75
2/6/2020,2041.02002,2050.22998,180.970001,183.630005,8454.75
2/7/2020,2041.98999,2079.280029,182.850006,183.889999,null
2/10/2020,2085.01001,2133.909912,183.580002,188.699997,8431
2/11/2020,2150.899902,2150.800049,190.649994,184.440002,8316
2/12/2020,2163.199951,2160,185.580002,184.710007,8251.25
2/13/2020,2144.98999,2149.870117,183.080002,183.710007,8295.25
2/14/2020,2155.679932,2134.870117,183.25,185.350006,8309.25
2/18/2020,2125.02002,2155.669922,185.610001,187.229996,8400.25
2/19/2020,2167.800049,2170.219971,188.059998,187.279999,8405.25
2/20/2020,2173.070068,2153.100098,186.949997,184.419998,8356
2/21/2020,2142.149902,2095.969971,183.169998,178.589996,8363.75
2/24/2020,2003.180054,2009.290039,167.770004,170.889999,8405.5
2/25/2020,2026.420044,1972.73999,174.199997,168.070007,8465.25
2/26/2020,1970.280029,1979.589966,169.710007,170.169998,8494
2/27/2020,1934.380005,1884.300049,163.320007,158.179993,8509.25
2/28/2020,1814.630005,1883.75,152.410004,162.009995,8576
3/2/2020,1906.48999,1953.949951,165.309998,172.789993,8576.25
3/3/2020,1975.369995,1908.98999,173.800003,164.509995,8590.25
3/4/2020,1946.569946,1975.829956,168.490005,170.550003,8642.5
3/5/2020,1933,1924.030029,166.050003,166.270004,8707.459961
3/6/2020,1875,1901.089966,162.610001,161.570007,8722.25
3/9/2020,1773.859985,1800.609985,151,150.619995,8726.5
3/10/2020,1870.880005,1891.819946,158.160004,160.919998,null
3/11/2020,1857.849976,1820.859985,157.130005,153.630005,8804.25
3/12/2020,1721.97998,1676.609985,145.300003,139.059998,8783.25
3/13/2020,1755,1785,147.5,158.830002,8797.75
3/16/2020,1641.51001,1689.150024,140,135.419998,8733.75
3/17/2020,1775.469971,1807.839966,140,146.570007,8752.25
3/18/2020,1750,1830,138,140.399994,8891.75
3/19/2020,1860,1880.930054,142.770004,142.710007,8810
3/20/2020,1926.310059,1846.089966,146,137.350006,8777.5
3/23/2020,1827.75,1902.829956,137.009995,135.979996,8847.5
3/24/2020,1951.5,1940.099976,143.75,148.339996,8853
3/25/2020,1920.689941,1885.839966,148.910004,146.919998,8944.5
3/26/2020,1902,1955.48999,148.399994,156.110001,9009
3/27/2020,1930.859985,1900.099976,151.75,149.699997,8978.25
3/30/2020,1922.829956,1963.949951,152.440002,160.229996,8987.5
3/31/2020,1964.349976,1949.719971,159.399994,157.710007,9088.25
4/1/2020,1932.969971,1907.699951,153,152.110001,9062.5
4/2/2020,1901.640015,1918.829956,151.860001,155.259995,9060
4/3/2020,1911.150024,1906.589966,155.100006,153.830002,9133.5
4/6/2020,1936,1997.589966,160.320007,165.270004,9174.5
4/7/2020,2017.109985,2011.599976,169.589996,163.490005,9184.25
4/8/2020,2021,2043,165.669998,165.130005,9169.75
4/9/2020,2044.300049,2042.76001,166.360001,165.139999,9195.75
4/13/2020,2040,2168.870117,164.350006,165.509995,9248.25
4/14/2020,2200.469971,2283.320068,169,173.699997,9144.5
4/15/2020,2257.679932,2307.679932,171.199997,171.880005,9011.25
4/16/2020,2346,2408.189941,174.300003,177.039993,8954.5
4/17/2020,2372.330078,2375,179.5,178.600006,9105.25
4/20/2020,2389.949951,2393.610107,176.630005,175.059998,9098.5
4/21/2020,2416.610107,2328.120117,173.5,167.820007,9216.25
4/22/2020,2369,2363.48999,171.389999,173.520004,8997.75
4/23/2020,2399.97998,2399.449951,174.110001,171.419998,9019.25
4/24/2020,2417,2410.219971,172.059998,174.550003,9114.25
4/27/2020,2443.199951,2376,176.589996,174.050003,9355
4/28/2020,2372.100098,2314.080078,175.589996,169.809998,9381.5
4/29/2020,2330.01001,2372.709961,173.220001,177.429993,9455.5
4/30/2020,2419.840088,2474,180,179.210007,9409.5
5/1/2020,2336.800049,2286.040039,175.800003,174.570007,9361.5
5/4/2020,2256.379883,2315.98999,174.490005,178.839996,9527.5
5/5/2020,2340,2317.800049,180.619995,180.759995,9527.25
5/6/2020,2329.439941,2351.26001,182.080002,182.539993,9625.75
5/7/2020,2374.780029,2367.610107,184.169998,183.600006,9613
5/8/2020,2372.139893,2379.610107,184.979996,184.679993,9632.25
5/11/2020,2374.699951,2409,183.149994,186.740005,9664.75
5/12/2020,2411.850098,2356.949951,186.800003,182.509995,9636
5/13/2020,2366.800049,2367.919922,182.550003,179.75,9733.5
5/14/2020,2361.01001,2388.850098,177.539993,180.529999,9624.25
5/15/2020,2368.52002,2409.780029,179.059998,183.160004,9458
5/18/2020,2404.350098,2426.26001,185.75,184.910004,9321.5
5/19/2020,2429.830078,2449.330078,185.029999,183.630005,9091
5/20/2020,2477.870117,2497.939941,184.809998,185.660004,8854.25
5/21/2020,2500,2446.73999,185.399994,183.429993,8850.25
5/22/2020,2455.01001,2436.879883,183.190002,183.509995,8382.75
5/26/2020,2458,2421.860107,186.339996,181.570007,8454
5/27/2020,2404.98999,2410.389893,180.199997,181.809998,8382.75
5/28/2020,2384.330078,2401.100098,180.740005,181.399994,8791.25
5/29/2020,2415.939941,2442.370117,182.729996,183.25,8582.5
6/1/2020,2448,2471.040039,182.539993,182.830002,8896.5
6/2/2020,2467,2472.409912,184.25,184.910004,8648.75
6/3/2020,2468.01001,2478.399902,184.820007,185.360001,8503.25
6/4/2020,2477.429932,2460.600098,184.300003,182.919998,8648.75
6/5/2020,2444.51001,2483,182.619995,187.199997,7951.5
6/8/2020,2500.199951,2524.060059,185.940002,188.360001,8331.5
6/9/2020,2529.439941,2600.860107,188,189.800003,8003.5
6/10/2020,2645,2647.449951,191.130005,196.839996,7215.25
6/11/2020,2603.5,2557.959961,193.130005,186.270004,7915.75
6/12/2020,2601.209961,2545.02002,190.539993,187.740005,7215.25
6/15/2020,2526.600098,2572.679932,184.580002,188.940002,7057.5
6/16/2020,2620,2615.27002,192.889999,193.570007,7405.25
6/17/2020,2647.5,2640.97998,195.029999,194.240005,7225.25
6/18/2020,2647.01001,2653.97998,194,196.320007,7293.5
6/19/2020,2678.080078,2675.01001,198.589996,195.149994,7417.97998
6/22/2020,2684.5,2713.820068,195.789993,200.570007,6688.75
6/23/2020,2726.02002,2764.409912,202.089996,201.910004,6984.5
6/24/2020,2780,2734.399902,201.600006,197.839996,7554.75
6/25/2020,2739.550049,2754.580078,197.800003,200.339996,7467.75
6/26/2020,2775.060059,2692.870117,199.729996,196.330002,7844
6/29/2020,2690.01001,2680.379883,195.779999,198.440002,7568.5
6/30/2020,2685.070068,2758.820068,197.880005,203.509995,7489.25
7/1/2020,2757.98999,2878.699951,203.139999,204.699997,7854.75
7/2/2020,2912.01001,2890.300049,205.679993,206.259995,7786.25
7/6/2020,2934.969971,3057.040039,208.830002,210.699997,7438.75
7/7/2020,3058.550049,3000.120117,210.449997,208.25,7627.25
7/8/2020,3022.610107,3081.110107,210.070007,212.830002,7522.75
7/9/2020,3115.98999,3182.629883,216.330002,214.320007,null
7/10/2020,3191.76001,3200,213.619995,213.669998,8029.75
7/13/2020,3251.060059,3104,214.479996,207.070007,8012
7/14/2020,3089,3084,206.130005,208.350006,8189.75
7/15/2020,3080.22998,3008.870117,209.559998,208.039993,8227.5
7/16/2020,2971.060059,2999.899902,205.399994,203.919998,8115.75
7/17/2020,3009,2961.969971,204.470001,202.880005,8327.25
7/20/2020,3000.199951,3196.840088,205,211.600006,8692.5
7/21/2020,3232.48999,3138.290039,213.660004,208.75,8594
7/22/2020,3125,3099.909912,209.199997,211.75,8734.25
7/23/2020,3098.27002,2986.550049,207.190002,202.539993,8809
7/24/2020,2930,3008.909912,200.419998,201.300003,8744.25
7/27/2020,3062,3055.209961,201.470001,203.850006,8692
7/28/2020,3054.27002,3000.330078,203.610001,202.020004,8431.75
7/29/2020,3030.98999,3033.530029,202.5,204.059998,8638
7/30/2020,3014,3051.879883,201,203.899994,8598.75
7/31/2020,3244,3164.679932,204.399994,205.009995,8769
8/3/2020,3180.51001,3111.889893,211.520004,216.539993,8747
8/4/2020,3101.209961,3138.830078,214.169998,213.289993,8824.25
8/5/2020,3143.77002,3205.030029,214.899994,212.940002,8719.75
8/6/2020,3194.360107,3225,212.339996,216.350006,9036.5
8/7/2020,3224.01001,3167.459961,214.850006,212.479996,8988.5
8/10/2020,3170.310059,3148.159912,211.669998,208.25,8718
8/11/2020,3113.199951,3080.669922,207.160004,203.380005,8576
8/12/2020,3108,3162.23999,205.289993,209.190002,8795.5
8/13/2020,3182.98999,3161.02002,209.440002,208.699997,8924.25
8/14/2020,3178.179932,3148.02002,208.759995,208.899994,8952
8/17/2020,3173.120117,3182.409912,209.600006,210.279999,9107.75
8/18/2020,3212,3312.48999,210.529999,211.490005,9218.25
8/19/2020,3303.01001,3260.47998,211.490005,209.699997,9247.5
8/20/2020,3252,3297.370117,209.539993,214.580002,9279
8/21/2020,3295,3284.719971,213.860001,213.020004,9078.25
8/24/2020,3310.149902,3307.459961,214.789993,213.690002,8992.25
8/25/2020,3294.98999,3346.48999,213.100006,216.470001,9079.5
8/26/2020,3351.110107,3441.850098,217.880005,221.149994,9096.5
8/27/2020,3450.050049,3400,222.889999,226.580002,9167.75
8/28/2020,3423,3401.800049,228.179993,228.910004,9325.5
8/31/2020,3408.98999,3450.959961,227,225.529999,9300.75
9/1/2020,3489.580078,3499.120117,225.509995,227.270004,9485.5
9/2/2020,3547,3531.449951,227.970001,231.649994,9355.75
9/3/2020,3485,3368,229.270004,217.300003,9406.25
9/4/2020,3318,3294.620117,215.100006,214.25,9456.25
9/8/2020,3144,3149.840088,206.5,202.660004,9406.5
9/9/2020,3202.98999,3268.610107,207.600006,211.289993,9432.5
9/10/2020,3307.219971,3175.110107,213.399994,205.369995,9460.25
9/11/2020,3208.689941,3116.219971,207.199997,204.029999,9560.25
9/14/2020,3172.939941,3102.969971,204.240005,205.410004,9506.25
9/15/2020,3136.159912,3156.129883,208.419998,208.779999,9595
9/16/2020,3179.98999,3078.100098,210.619995,205.050003,9647.75
9/17/2020,3009.25,3008.72998,200.050003,202.910004,9684.75
9/18/2020,3031.73999,2954.909912,202.800003,200.389999,9626.25
9/21/2020,2906.5,2960.469971,197.190002,202.539993,9808.5
9/22/2020,3033.840088,3128.98999,205.059998,207.419998,9872
9/23/2020,3120.429932,2999.860107,207.899994,200.589996,9884.75
9/24/2020,2977.790039,3019.790039,199.850006,203.190002,9951
9/25/2020,3054.860107,3095.129883,203.550003,207.820007,10087.2002
9/28/2020,3148.850098,3174.050049,210.880005,209.440002,9616.75
9/29/2020,3175.389893,3144.879883,209.350006,207.259995,9645
9/30/2020,3141.139893,3148.72998,207.729996,210.330002,9552.75
10/1/2020,3208,3221.26001,213.490005,212.460007,9800.5
10/2/2020,3153.629883,3125,208,206.190002,9972.5
10/5/2020,3145.840088,3199.199951,207.220001,210.380005,9994.5
10/6/2020,3165,3099.959961,208.820007,205.910004,9995.75
10/7/2020,3135,3195.689941,207.059998,209.830002,10120.79981
10/8/2020,3224.98999,3190.550049,210.509995,210.580002,9904.5
10/9/2020,3210,3286.649902,211.229996,215.809998,10124.79981
10/12/2020,3349.939941,3442.929932,218.789993,221.399994,10196
10/13/2020,3467.98999,3443.629883,222.720001,222.860001,10010.79981
10/14/2020,3447,3363.709961,223,220.860001,10088.2002
10/15/2020,3292.01001,3338.649902,217.100006,219.660004,9865.5
10/16/2020,3363.22998,3272.709961,220.149994,219.660004,9835.25
10/19/2020,3299.610107,3207.209961,220.419998,214.220001,9973.75
10/20/2020,3222.280029,3217.01001,215.800003,214.649994,10147.2002
10/21/2020,3212.5,3184.939941,213.119995,214.800003,10268.79981
10/22/2020,3189.870117,3176.399902,213.929993,214.889999,10355.79981
10/23/2020,3191,3204.399902,215.029999,216.229996,10395
10/26/2020,3198.73999,3207.040039,213.850006,210.080002,10598.5
10/27/2020,3224.939941,3286.330078,211.589996,213.25,10532.2002
